Name,URL
"Collection: Active Prime Drop




The Achroma Collection
Introduced: 21 January 2026",https://www.csgodatabase.com/collections/the-achroma-collection/
"Collection: Active Prime Drop




The Ascent Collection
Introduced: 31 March 2025",https://www.csgodatabase.com/collections/the-ascent-collection/
"Collection: Active Prime Drop




The Boreal Collection
Introduced: 31 March 2025",https://www.csgodatabase.com/collections/the-boreal-collection/
"Collection: Active Prime Drop




The Harlequin Collection
Introduced: 21 January 2026",https://www.csgodatabase.com/collections/the-harlequin-collection/
"Collection: Active Prime Drop




The Radiant Collection
Introduced: 31 March 2025",https://www.csgodatabase.com/collections/the-radiant-collection/
"Collection: Armory Exclusive




Limited Edition Item
Introduced: 02 October 2024",https://www.csgodatabase.com/collections/limited-edition-item/
"Collection: Armory Exclusive




The Arabesque Collection
Introduced: 08 July 2026",https://www.csgodatabase.com/collections/the-arabesque-collection/
"Collection: Armory Exclusive




The Graphic Design Collection
Introduced: 02 October 2024",https://www.csgodatabase.com/collections/the-graphic-design-collection/
"Collection: Armory Exclusive




The Overpass 2024 Collection
Introduced: 02 October 2024",https://www.csgodatabase.com/collections/the-overpass-2024-collection/
"Collection: Armory Exclusive




The Sport & Field Collection
Introduced: 02 October 2024",https://www.csgodatabase.com/collections/the-sport-field-collection/
"Collection: Armory Exclusive




The Spy Tech Collection
Introduced: 08 July 2026",https://www.csgodatabase.com/collections/the-spy-tech-collection/
"Collection: Armory Exclusive




The Train 2025 Collection
Introduced: 31 March 2025",https://www.csgodatabase.com/collections/the-train-2025-collection/
"Collection: Operation




The 2021 Dust 2 Collection
Introduced: 22 September 2021",https://www.csgodatabase.com/collections/the-2021-dust-2-collection/
"Collection: Operation




The 2021 Mirage Collection
Introduced: 22 September 2021",https://www.csgodatabase.com/collections/the-2021-mirage-collection/
"Collection: Operation




The 2021 Train Collection
Introduced: 22 September 2021",https://www.csgodatabase.com/collections/the-2021-train-collection/
"Collection: Operation




The 2021 Vertigo Collection
Introduced: 22 September 2021",https://www.csgodatabase.com/collections/the-2021-vertigo-collection/
"Collection: Operation




The Ancient Collection
Introduced: 03 December 2020",https://www.csgodatabase.com/collections/the-ancient-collection/
"Collection: Operation




The Control Collection
Introduced: 03 December 2020",https://www.csgodatabase.com/collections/the-control-collection/
"Collection: Operation




The Havoc Collection
Introduced: 03 December 2020",https://www.csgodatabase.com/collections/the-havoc-collection/
"Collection: Operation




The Canals Collection
Introduced: 18 November 2019",https://www.csgodatabase.com/collections/the-canals-collection/
"Collection: Operation




The Norse Collection
Introduced: 18 November 2019",https://www.csgodatabase.com/collections/the-norse-collection/
"Collection: Operation




The St. Marc Collection
Introduced: 18 November 2019",https://www.csgodatabase.com/collections/the-st-marc-collection/
"Collection: Operation




The Cache Collection
Introduced: 8 August 2014",https://www.csgodatabase.com/collections/the-cache-collection/
"Collection: Operation




The Chop Shop Collection
Introduced: 26 May 2015",https://www.csgodatabase.com/collections/the-chop-shop-collection/
"Collection: Operation




The Cobblestone Collection
Introduced: 1 July 2014",https://www.csgodatabase.com/collections/the-cobblestone-collection/
"Collection: Operation




The Gods and Monsters Collection
Introduced: 26 May 2015",https://www.csgodatabase.com/collections/the-gods-and-monsters-collection/
"Collection: Operation




The Overpass Collection
Introduced: 1 July 2014",https://www.csgodatabase.com/collections/the-overpass-collection/
"Collection: Operation




The Rising Sun Collection
Introduced: 26 May 2015",https://www.csgodatabase.com/collections/the-rising-sun-collection/
"Collection: Inactive




The Ancient Collection
Introduced: 03 December 2020",https://www.csgodatabase.com/collections/the-ancient-collection/
"Collection: Inactive




The Anubis Collection
Introduced: 24 April 2023",https://www.csgodatabase.com/collections/the-anubis-collection/
"Collection: Inactive




The Assault Collection
Introduced: 14 August 2013",https://www.csgodatabase.com/collections/the-assault-collection/
"Collection: Inactive




The Aztec Collection
Introduced: 14 August 2013",https://www.csgodatabase.com/collections/the-aztec-collection/
"Collection: Inactive




The Baggage Collection
Introduced: 1 July 2014",https://www.csgodatabase.com/collections/the-baggage-collection/
"Collection: Inactive




The Bank Collection
Introduced: 1 May 2014",https://www.csgodatabase.com/collections/the-bank-collection/
"Collection: Inactive




The Cache Collection
Introduced: 8 August 2014",https://www.csgodatabase.com/collections/the-cache-collection/
"Collection: Inactive




The Canals Collection
Introduced: 18 November 2019",https://www.csgodatabase.com/collections/the-canals-collection/
"Collection: Inactive




The Chop Shop Collection
Introduced: 26 May 2015",https://www.csgodatabase.com/collections/the-chop-shop-collection/
"Collection: Inactive




The Cobblestone Collection
Introduced: 1 July 2014",https://www.csgodatabase.com/collections/the-cobblestone-collection/
"Collection: Inactive




The Control Collection
Introduced: 03 December 2020",https://www.csgodatabase.com/collections/the-control-collection/
"Collection: Inactive




The Dust Collection
Introduced: 14 August 2013",https://www.csgodatabase.com/collections/the-dust-collection/
"Collection: Inactive




The Gods and Monsters Collection
Introduced: 26 May 2015",https://www.csgodatabase.com/collections/the-gods-and-monsters-collection/
"Collection: Inactive




The Havoc Collection
Introduced: 03 December 2020",https://www.csgodatabase.com/collections/the-havoc-collection/
"Collection: Inactive




The Inferno Collection
Introduced: 14 August 2013",https://www.csgodatabase.com/collections/the-inferno-collection/
"Collection: Inactive




The Italy Collection
Introduced: 27 November 2013",https://www.csgodatabase.com/collections/the-italy-collection/
"Collection: Inactive




The Lake Collection
Introduced: 27 November 2013",https://www.csgodatabase.com/collections/the-lake-collection/
"Collection: Inactive




The Militia Collection
Introduced: 14 August 2013",https://www.csgodatabase.com/collections/the-militia-collection/
"Collection: Inactive




The Mirage Collection
Introduced: 27 November 2013",https://www.csgodatabase.com/collections/the-mirage-collection/
"Collection: Inactive




The Norse Collection
Introduced: 18 November 2019",https://www.csgodatabase.com/collections/the-norse-collection/
"Collection: Inactive




The Nuke Collection
Introduced: 14 August 2013",https://www.csgodatabase.com/collections/the-nuke-collection/
"Collection: Inactive




The Office Collection
Introduced: 14 August 2013",https://www.csgodatabase.com/collections/the-office-collection/
"Collection: Inactive




The Overpass Collection
Introduced: 1 July 2014",https://www.csgodatabase.com/collections/the-overpass-collection/
"Collection: Inactive




The Rising Sun Collection
Introduced: 26 May 2015",https://www.csgodatabase.com/collections/the-rising-sun-collection/
"Collection: Inactive




The St. Marc Collection
Introduced: 18 November 2019",https://www.csgodatabase.com/collections/the-st-marc-collection/
"Collection: Inactive




The Train Collection
Introduced: 27 November 2013",https://www.csgodatabase.com/collections/the-train-collection/
"Collection: Inactive




The Vertigo Collection
Introduced: 14 August 2013",https://www.csgodatabase.com/collections/the-vertigo-collection/
"Collection: Discontinued




The 2018 Inferno Collection
Introduced: 01 September 2018",https://www.csgodatabase.com/collections/the-2018-inferno-collection/
"Collection: Discontinued




The 2018 Nuke Collection
Introduced: 01 September 2018",https://www.csgodatabase.com/collections/the-2018-nuke-collection/
"Collection: Discontinued




The Alpha Collection
Introduced: 19 September 2013",https://www.csgodatabase.com/collections/the-alpha-collection/
"Collection: Discontinued




The Blacksite Collection
Introduced: 06 December 2018",https://www.csgodatabase.com/collections/the-blacksite-collection/
"Collection: Discontinued




The Dust 2 Collection
Introduced: 27 November 2013",https://www.csgodatabase.com/collections/the-dust-2-collection/
"Collection: Discontinued




The Graphic Design Collection
Introduced: 02 October 2024",https://www.csgodatabase.com/collections/the-graphic-design-collection/
"Collection: Discontinued




The Safehouse Collection
Introduced: 27 November 2013",https://www.csgodatabase.com/collections/the-safehouse-collection/
"Collection: Discontinued




The Sport & Field Collection
Introduced: 02 October 2024",https://www.csgodatabase.com/collections/the-sport-field-collection/
"Collection: Discontinued




The Train 2025 Collection
Introduced: 31 March 2025",https://www.csgodatabase.com/collections/the-train-2025-collection/
Skin: AWP | The End,https://www.csgodatabase.com/skins/awp-the-end/
Skin: AK-47 | Breakthrough,https://www.csgodatabase.com/skins/ak-47-breakthrough/
Skin: GLOCK-18 | Trace Lock,https://www.csgodatabase.com/skins/glock-18-trace-lock/
Skin: AUG | Creep,https://www.csgodatabase.com/skins/aug-creep/
Skin: DESERT EAGLE | The Daily Deagle,https://www.csgodatabase.com/skins/desert-eagle-the-daily-deagle/
Skin: P2000 | Grip Tape,https://www.csgodatabase.com/skins/p2000-grip-tape/
Skin: P90 | Aeolian Light,https://www.csgodatabase.com/skins/p90-aeolian-light/
Skin: FAMAS | Vendetta,https://www.csgodatabase.com/skins/famas-vendetta/
Skin: M4A4 | Aeolian Dark,https://www.csgodatabase.com/skins/m4a4-aeolian-dark/
Skin: MAC-10 | Snow Splash,https://www.csgodatabase.com/skins/mac-10-snow-splash/
Skin: MP5-SD | Snow Splash,https://www.csgodatabase.com/skins/mp5-sd-snow-splash/
Skin: R8 REVOLVER | Dark Chamber,https://www.csgodatabase.com/skins/r8-revolver-dark-chamber/
Skin: PP-BIZON | Bizoom,https://www.csgodatabase.com/skins/pp-bizon-bizoom/
Skin: DUAL BERETTAS | Silver Pour,https://www.csgodatabase.com/skins/dual-berettas-silver-pour/
Skin: M249 | Sleet,https://www.csgodatabase.com/skins/m249-sleet/
Skin: MP9 | Dizzy,https://www.csgodatabase.com/skins/mp9-dizzy/
Skin: NOVA | Currents,https://www.csgodatabase.com/skins/nova-currents/
Skin: P250 | Sleet,https://www.csgodatabase.com/skins/p250-sleet/
Skin: SCAR-20 | Zinc,https://www.csgodatabase.com/skins/scar-20-zinc/
Skin: SSG 08 | Sans Comic,https://www.csgodatabase.com/skins/ssg-08-sans-comic/
Skin: M4A1-S | Stratosphere,https://www.csgodatabase.com/skins/m4a1-s-stratosphere/
Skin: AK-47 | Midnight Laminate,https://www.csgodatabase.com/skins/ak-47-midnight-laminate/
Skin: USP-S | Royal Guard,https://www.csgodatabase.com/skins/usp-s-royal-guard/
Skin: DESERT EAGLE | Mint Fan,https://www.csgodatabase.com/skins/desert-eagle-mint-fan/
Skin: FAMAS | Yeti Camo,https://www.csgodatabase.com/skins/famas-yeti-camo/
Skin: P2000 | Royal Baroque,https://www.csgodatabase.com/skins/p2000-royal-baroque/
Skin: MP9 | Cobalt Paisley,https://www.csgodatabase.com/skins/mp9-cobalt-paisley/
Skin: P90 | Reef Grief,https://www.csgodatabase.com/skins/p90-reef-grief/
Skin: ZEUS X27 | Electric Blue,https://www.csgodatabase.com/skins/zeus-x27-electric-blue/
Skin: NOVA | Turquoise Pour,https://www.csgodatabase.com/skins/nova-turquoise-pour/
Skin: M4A4 | Naval Shred Camo,https://www.csgodatabase.com/skins/m4a4-naval-shred-camo/
Skin: GALIL AR | Robin'S Egg,https://www.csgodatabase.com/skins/galil-ar-robins-egg/
Skin: GLOCK-18 | Ocean Topo,https://www.csgodatabase.com/skins/glock-18-ocean-topo/
Skin: DUAL BERETTAS | Rose Nacre,https://www.csgodatabase.com/skins/dual-berettas-rose-nacre/
Skin: FIVE-SEVEN | Sky Blue,https://www.csgodatabase.com/skins/five-seven-sky-blue/
Skin: XM1014 | Gum Wall Camo,https://www.csgodatabase.com/skins/xm1014-gum-wall-camo/
Skin: NEGEV | Sour Grapes,https://www.csgodatabase.com/skins/negev-sour-grapes/
Skin: TEC-9 | Blue Blast,https://www.csgodatabase.com/skins/tec-9-blue-blast/
Skin: MP9 | Buff Blue,https://www.csgodatabase.com/skins/mp9-buff-blue/
Skin: P90 | Blue Tac,https://www.csgodatabase.com/skins/p90-blue-tac/
Skin: P250 | Plum Netting,https://www.csgodatabase.com/skins/p250-plum-netting/
Skin: SG 553 | Night Camo,https://www.csgodatabase.com/skins/sg-553-night-camo/
Skin: SAWED-OFF | Runoff,https://www.csgodatabase.com/skins/sawed-off-runoff/
Skin: R8 REVOLVER | Cobalt Grip,https://www.csgodatabase.com/skins/r8-revolver-cobalt-grip/
Skin: GALIL AR | Grey Smoke,https://www.csgodatabase.com/skins/galil-ar-grey-smoke/
Skin: SSG 08 | Grey Smoke,https://www.csgodatabase.com/skins/ssg-08-grey-smoke/
Skin: MP5-SD | Lime Hex,https://www.csgodatabase.com/skins/mp5-sd-lime-hex/
Skin: MAC-10 | Storm Camo,https://www.csgodatabase.com/skins/mac-10-storm-camo/
Skin: AWP | Green Energy,https://www.csgodatabase.com/skins/awp-green-energy/
Skin: GLOCK-18 | Glockingbird,https://www.csgodatabase.com/skins/glock-18-glockingbird/
Skin: M4A4 | Sheet Lightning,https://www.csgodatabase.com/skins/m4a4-sheet-lightning/
Skin: AK-47 | Wintergreen,https://www.csgodatabase.com/skins/ak-47-wintergreen/
Skin: USP-S | Tropical Breeze,https://www.csgodatabase.com/skins/usp-s-tropical-breeze/
Skin: MAC-10 | Poplar Thicket,https://www.csgodatabase.com/skins/mac-10-poplar-thicket/
Skin: MP5-SD | Gold Leaf,https://www.csgodatabase.com/skins/mp5-sd-gold-leaf/
Skin: XM1014 | Copperflage,https://www.csgodatabase.com/skins/xm1014-copperflage/
Skin: MAC-10 | Acid Hex,https://www.csgodatabase.com/skins/mac-10-acid-hex/
Skin: AK-47 | Varicamo Grey,https://www.csgodatabase.com/skins/ak-47-varicamo-grey/
Skin: P90 | Mustard Gas,https://www.csgodatabase.com/skins/p90-mustard-gas/
Skin: R8 REVOLVER | Leafhopper,https://www.csgodatabase.com/skins/r8-revolver-leafhopper/
Skin: GALIL AR | Acid Dart,https://www.csgodatabase.com/skins/galil-ar-acid-dart/
Skin: SSG 08 | Tiger Tear,https://www.csgodatabase.com/skins/ssg-08-tiger-tear/
Skin: TEC-9 | Garter-9,https://www.csgodatabase.com/skins/tec-9-garter-9/
Skin: P2000 | Marsh,https://www.csgodatabase.com/skins/p2000-marsh/
Skin: DUAL BERETTAS | Polished Malachite,https://www.csgodatabase.com/skins/dual-berettas-polished-malachite/
Skin: ZEUS X27 | Swamp Ddpat,https://www.csgodatabase.com/skins/zeus-x27-swamp-ddpat/
Skin: P250 | Copper Oxide,https://www.csgodatabase.com/skins/p250-copper-oxide/
Skin: NEGEV | Raw Ceramic,https://www.csgodatabase.com/skins/negev-raw-ceramic/
Skin: AUG | Commando Company,https://www.csgodatabase.com/skins/aug-commando-company/
Skin: SSG 08 | Green Ceramic,https://www.csgodatabase.com/skins/ssg-08-green-ceramic/
Skin: MP9 | Pine,https://www.csgodatabase.com/skins/mp9-pine/
Skin: FAMAS | Palm,https://www.csgodatabase.com/skins/famas-palm/
Skin: TEC-9 | Raw Ceramic,https://www.csgodatabase.com/skins/tec-9-raw-ceramic/
Skin: M249 | Sage Camo,https://www.csgodatabase.com/skins/m249-sage-camo/
Skin: MAG-7 | Copper Oxide,https://www.csgodatabase.com/skins/mag-7-copper-oxide/
Skin: UMP-45 | Green Swirl,https://www.csgodatabase.com/skins/ump-45-green-swirl/
Skin: G3SG1 | Green Cell,https://www.csgodatabase.com/skins/g3sg1-green-cell/
Skin: M4A1-S | Party Animal,https://www.csgodatabase.com/skins/m4a1-s-party-animal/
Skin: AWP | Exothermic,https://www.csgodatabase.com/skins/awp-exothermic/
Skin: USP-S | Sleeping Potion,https://www.csgodatabase.com/skins/usp-s-sleeping-potion/
Skin: ZEUS X27 | Earth Mandala,https://www.csgodatabase.com/skins/zeus-x27-earth-mandala/
Skin: UMP-45 | Warm Blooded,https://www.csgodatabase.com/skins/ump-45-warm-blooded/
Skin: GALIL AR | Sky Mandala,https://www.csgodatabase.com/skins/galil-ar-sky-mandala/
Skin: FIVE-SEVEN | Fraise Crane,https://www.csgodatabase.com/skins/five-seven-fraise-crane/
Skin: XM1014 | Xooom,https://www.csgodatabase.com/skins/xm1014-xooom/
Skin: TEC-9 | Banana Leaf,https://www.csgodatabase.com/skins/tec-9-banana-leaf/
Skin: SSG 08 | Calligrafaux,https://www.csgodatabase.com/skins/ssg-08-calligrafaux/
Skin: MP7 | Coral Paisley,https://www.csgodatabase.com/skins/mp7-coral-paisley/
Skin: MP5-SD | Picnic,https://www.csgodatabase.com/skins/mp5-sd-picnic/
Skin: SAWED-OFF | Crimson Batik,https://www.csgodatabase.com/skins/sawed-off-crimson-batik/
Skin: SG 553 | Safari Print,https://www.csgodatabase.com/skins/sg-553-safari-print/
Skin: R8 REVOLVER | Mauve Aside,https://www.csgodatabase.com/skins/r8-revolver-mauve-aside/
Skin: PP-BIZON | Thermal Currents,https://www.csgodatabase.com/skins/pp-bizon-thermal-currents/
Skin: MP9 | Bee-Tron,https://www.csgodatabase.com/skins/mp9-bee-tron/
Skin: FAMAS | Byproduct,https://www.csgodatabase.com/skins/famas-byproduct/
Skin: CZ75-AUTO | Honey Paisley,https://www.csgodatabase.com/skins/cz75-auto-honey-paisley/
Skin: AK-47 | Nouveau Rouge,https://www.csgodatabase.com/skins/ak-47-nouveau-rouge/
Skin: M4A1-S | Glitched Paint,https://www.csgodatabase.com/skins/m4a1-s-glitched-paint/
Skin: DESERT EAGLE | Mulberry,https://www.csgodatabase.com/skins/desert-eagle-mulberry/
Skin: USP-S | Bleeding Edge,https://www.csgodatabase.com/skins/usp-s-bleeding-edge/
Skin: SSG 08 | Blush Pour,https://www.csgodatabase.com/skins/ssg-08-blush-pour/
Skin: AWP | Arsenic Spill,https://www.csgodatabase.com/skins/awp-arsenic-spill/
Skin: M4A1-S | Rose Hex,https://www.csgodatabase.com/skins/m4a1-s-rose-hex/
Skin: P250 | Red Tide,https://www.csgodatabase.com/skins/p250-red-tide/
Skin: GLOCK-18 | Coral Bloom,https://www.csgodatabase.com/skins/glock-18-coral-bloom/
Skin: MP9 | Shredded,https://www.csgodatabase.com/skins/mp9-shredded/
Skin: FAMAS | Grey Ghost,https://www.csgodatabase.com/skins/famas-grey-ghost/
Skin: M4A4 | Steel Work,https://www.csgodatabase.com/skins/m4a4-steel-work/
Skin: P250 | Sedimentary,https://www.csgodatabase.com/skins/p250-sedimentary/
Skin: GALIL AR | O-Ranger,https://www.csgodatabase.com/skins/galil-ar-o-ranger/
Skin: SG 553 | Basket Halftone,https://www.csgodatabase.com/skins/sg-553-basket-halftone/
Skin: TEC-9 | Citric Acid,https://www.csgodatabase.com/skins/tec-9-citric-acid/
Skin: MP7 | Short Ochre,https://www.csgodatabase.com/skins/mp7-short-ochre/
Skin: FIVE-SEVEN | Autumn Thicket,https://www.csgodatabase.com/skins/five-seven-autumn-thicket/
Skin: G3SG1 | Red Jasper,https://www.csgodatabase.com/skins/g3sg1-red-jasper/
Skin: PP-BIZON | Wood Block Camo,https://www.csgodatabase.com/skins/pp-bizon-wood-block-camo/
Skin: DUAL BERETTAS | Bordeux,https://www.csgodatabase.com/skins/dual-berettas-bordeux/
Skin: NOVA | Marsh Grass,https://www.csgodatabase.com/skins/nova-marsh-grass/
Skin: SCAR-20 | Short Ochre,https://www.csgodatabase.com/skins/scar-20-short-ochre/
Skin: XM1014 | Canvas Cloud,https://www.csgodatabase.com/skins/xm1014-canvas-cloud/
Skin: CZ75-AUTO | Pink Pearl,https://www.csgodatabase.com/skins/cz75-auto-pink-pearl/
Skin: MAC-10 | Bronzer,https://www.csgodatabase.com/skins/mac-10-bronzer/
Skin: P90 | Desert Halftone,https://www.csgodatabase.com/skins/p90-desert-halftone/
Skin: MP9 | Multi-Terrain,https://www.csgodatabase.com/skins/mp9-multi-terrain/
Skin: AK-47 | Aphrodite,https://www.csgodatabase.com/skins/ak-47-aphrodite/
Skin: DESERT EAGLE | Heat Treated,https://www.csgodatabase.com/skins/desert-eagle-heat-treated/
Skin: M4A1-S | Solitude,https://www.csgodatabase.com/skins/m4a1-s-solitude/
Skin: XM1014 | Solitude,https://www.csgodatabase.com/skins/xm1014-solitude/
Skin: AWP | Sovereign Flame,https://www.csgodatabase.com/skins/awp-sovereign-flame/
Skin: AK-47 | Consequence Of The Jinn,https://www.csgodatabase.com/skins/ak-47-consequence-of-the-jinn/
Skin: M4A4 | Falak,https://www.csgodatabase.com/skins/m4a4-falak/
Skin: DESERT EAGLE | Eastern Enigma,https://www.csgodatabase.com/skins/desert-eagle-eastern-enigma/
Skin: AUG | Lapis Lazuli,https://www.csgodatabase.com/skins/aug-lapis-lazuli/
Skin: P250 | Lotus Imprint,https://www.csgodatabase.com/skins/p250-lotus-imprint/
Skin: GLOCK-18 | Ifrit Lattice,https://www.csgodatabase.com/skins/glock-18-ifrit-lattice/
Skin: MAC-10 | Arabesque Mosaic,https://www.csgodatabase.com/skins/mac-10-arabesque-mosaic/
Skin: TEC-9 | Sultan,https://www.csgodatabase.com/skins/tec-9-sultan/
Skin: SAWED-OFF | Lunar Wyrm,https://www.csgodatabase.com/skins/sawed-off-lunar-wyrm/
Skin: FAMAS | Snake Song,https://www.csgodatabase.com/skins/famas-snake-song/
Skin: FIVE-SEVEN | Desert Seal,https://www.csgodatabase.com/skins/five-seven-desert-seal/
Skin: DUAL BERETTAS | Mystic Conjunction,https://www.csgodatabase.com/skins/dual-berettas-mystic-conjunction/
Skin: SCAR-20 | Sirocco Script,https://www.csgodatabase.com/skins/scar-20-sirocco-script/
Skin: MP9 | Dune Asp,https://www.csgodatabase.com/skins/mp9-dune-asp/
Skin: PP-BIZON | Traitor,https://www.csgodatabase.com/skins/pp-bizon-traitor/
Skin: NOVA | Morning Sun,https://www.csgodatabase.com/skins/nova-morning-sun/
Skin: AWP | Cmyk,https://www.csgodatabase.com/skins/awp-cmyk/
Skin: DESERT EAGLE | Starcade,https://www.csgodatabase.com/skins/desert-eagle-starcade/
Skin: AUG | Lil' Pig,https://www.csgodatabase.com/skins/aug-lil-pig/
Skin: P90 | Attack Vector,https://www.csgodatabase.com/skins/p90-attack-vector/
Skin: M4A4 | Polysoup,https://www.csgodatabase.com/skins/m4a4-polysoup/
Skin: CZ75-AUTO | Slalom,https://www.csgodatabase.com/skins/cz75-auto-slalom/
Skin: XM1014 | Halftone Shift,https://www.csgodatabase.com/skins/xm1014-halftone-shift/
Skin: SG 553 | Berry Gel Coat,https://www.csgodatabase.com/skins/sg-553-berry-gel-coat/
Skin: SCAR-20 | Wild Berry,https://www.csgodatabase.com/skins/scar-20-wild-berry/
Skin: AK-47 | Crossfade,https://www.csgodatabase.com/skins/ak-47-crossfade/
Skin: SSG 08 | Halftone Whorl,https://www.csgodatabase.com/skins/ssg-08-halftone-whorl/
Skin: P2000 | Coral Halftone,https://www.csgodatabase.com/skins/p2000-coral-halftone/
Skin: MP7 | Astrolabe,https://www.csgodatabase.com/skins/mp7-astrolabe/
Skin: M249 | Spectrogram,https://www.csgodatabase.com/skins/m249-spectrogram/
Skin: GALIL AR | Nv,https://www.csgodatabase.com/skins/galil-ar-nv/
Skin: FAMAS | Halftone Wash,https://www.csgodatabase.com/skins/famas-halftone-wash/
Skin: AK-47 | B The Monster,https://www.csgodatabase.com/skins/ak-47-b-the-monster/
Skin: ZEUS X27 | Dragon Snore,https://www.csgodatabase.com/skins/zeus-x27-dragon-snore/
Skin: AWP | Crakow!,https://www.csgodatabase.com/skins/awp-crakow!/
Skin: XM1014 | Monster Melt,https://www.csgodatabase.com/skins/xm1014-monster-melt/
Skin: DUAL BERETTAS | Sweet Little Angels,https://www.csgodatabase.com/skins/dual-berettas-sweet-little-angels/
Skin: AUG | Eye Of Zapems,https://www.csgodatabase.com/skins/aug-eye-of-zapems/
Skin: NOVA | Wurst Hölle,https://www.csgodatabase.com/skins/nova-wurst-hölle/
Skin: MAC-10 | Pipsqueak,https://www.csgodatabase.com/skins/mac-10-pipsqueak/
Skin: GLOCK-18 | Teal Graf,https://www.csgodatabase.com/skins/glock-18-teal-graf/
Skin: GALIL AR | Metallic Squeezer,https://www.csgodatabase.com/skins/galil-ar-metallic-squeezer/
Skin: MP5-SD | Neon Squeezer,https://www.csgodatabase.com/skins/mp5-sd-neon-squeezer/
Skin: P90 | Wash Me,https://www.csgodatabase.com/skins/p90-wash-me/
Skin: NEGEV | Wall Bang,https://www.csgodatabase.com/skins/negev-wall-bang/
Skin: M4A1-S | Wash Me Plz,https://www.csgodatabase.com/skins/m4a1-s-wash-me-plz/
Skin: FIVE-SEVEN | Midnight Paintover,https://www.csgodatabase.com/skins/five-seven-midnight-paintover/
Skin: DESERT EAGLE | Tilted,https://www.csgodatabase.com/skins/desert-eagle-tilted/
Skin: M4A1-S | Fade,https://www.csgodatabase.com/skins/m4a1-s-fade/
Skin: GLOCK-18 | Axia,https://www.csgodatabase.com/skins/glock-18-axia/
Skin: GALIL AR | Rainbow Spoon,https://www.csgodatabase.com/skins/galil-ar-rainbow-spoon/
Skin: UMP-45 | Crimson Foil,https://www.csgodatabase.com/skins/ump-45-crimson-foil/
Skin: MP9 | Arctic Tri-Tone,https://www.csgodatabase.com/skins/mp9-arctic-tri-tone/
Skin: FIVE-SEVEN | Heat Treated,https://www.csgodatabase.com/skins/five-seven-heat-treated/
Skin: USP-S | Alpine Camo,https://www.csgodatabase.com/skins/usp-s-alpine-camo/
Skin: SSG 08 | Zeno,https://www.csgodatabase.com/skins/ssg-08-zeno/
Skin: P250 | Small Game,https://www.csgodatabase.com/skins/p250-small-game/
Skin: NOVA | Yorkshire,https://www.csgodatabase.com/skins/nova-yorkshire/
Skin: MP5-SD | Savannah Halftone,https://www.csgodatabase.com/skins/mp5-sd-savannah-halftone/
Skin: PP-BIZON | Cold Cell,https://www.csgodatabase.com/skins/pp-bizon-cold-cell/
Skin: TEC-9 | Tiger Stencil,https://www.csgodatabase.com/skins/tec-9-tiger-stencil/
Skin: MAG-7 | Wildwood,https://www.csgodatabase.com/skins/mag-7-wildwood/
Skin: FAMAS | Half Sleeve,https://www.csgodatabase.com/skins/famas-half-sleeve/
Skin: AK-47 | Olive Polycam,https://www.csgodatabase.com/skins/ak-47-olive-polycam/
Skin: GLOCK-18 | Ghost Protocol,https://www.csgodatabase.com/skins/glock-18-ghost-protocol/
Skin: AK-47 | Autoexec,https://www.csgodatabase.com/skins/ak-47-autoexec/
Skin: M4A1-S | Fatal Glitch,https://www.csgodatabase.com/skins/m4a1-s-fatal-glitch/
Skin: USP-S | Spiral Glitch,https://www.csgodatabase.com/skins/usp-s-spiral-glitch/
Skin: AWP | Black Box,https://www.csgodatabase.com/skins/awp-black-box/
Skin: NOVA | Smart Gun,https://www.csgodatabase.com/skins/nova-smart-gun/
Skin: CZ75-AUTO | Hydraulics,https://www.csgodatabase.com/skins/cz75-auto-hydraulics/
Skin: M4A4 | Dark Operative,https://www.csgodatabase.com/skins/m4a4-dark-operative/
Skin: R8 REVOLVER | Monarch,https://www.csgodatabase.com/skins/r8-revolver-monarch/
Skin: MP9 | Spy Prototype,https://www.csgodatabase.com/skins/mp9-spy-prototype/
Skin: AUG | Signal Scanner,https://www.csgodatabase.com/skins/aug-signal-scanner/
Skin: MAC-10 | Video Cam,https://www.csgodatabase.com/skins/mac-10-video-cam/
Skin: MP7 | Base-2,https://www.csgodatabase.com/skins/mp7-base-2/
Skin: XM1014 | Black Site,https://www.csgodatabase.com/skins/xm1014-black-site/
Skin: TEC-9 | Perimeter,https://www.csgodatabase.com/skins/tec-9-perimeter/
Skin: SCAR-20 | Arctic Camo Panels,https://www.csgodatabase.com/skins/scar-20-arctic-camo-panels/
Skin: FAMAS | Corp Defense,https://www.csgodatabase.com/skins/famas-corp-defense/
Skin: AWP | Longdog,https://www.csgodatabase.com/skins/awp-longdog/
Skin: MP9 | Latte Rush,https://www.csgodatabase.com/skins/mp9-latte-rush/
Skin: M4A4 | Hellish,https://www.csgodatabase.com/skins/m4a4-hellish/
Skin: ZEUS X27 | Charged Up,https://www.csgodatabase.com/skins/zeus-x27-charged-up/
Skin: TEC-9 | Whiteout,https://www.csgodatabase.com/skins/tec-9-whiteout/
Skin: MAC-10 | Derailment,https://www.csgodatabase.com/skins/mac-10-derailment/
Skin: XM1014 | Run Run Run,https://www.csgodatabase.com/skins/xm1014-run-run-run/
Skin: UMP-45 | Late Night Transit,https://www.csgodatabase.com/skins/ump-45-late-night-transit/
Skin: FAMAS | 2A2F,https://www.csgodatabase.com/skins/famas-2a2f/
Skin: GLOCK-18 | Green Line,https://www.csgodatabase.com/skins/glock-18-green-line/
Skin: P250 | Constructivist,https://www.csgodatabase.com/skins/p250-constructivist/
Skin: NOVA | Rain Station,https://www.csgodatabase.com/skins/nova-rain-station/
Skin: GALIL AR | Green Apple,https://www.csgodatabase.com/skins/galil-ar-green-apple/
Skin: P90 | Straight Dimes,https://www.csgodatabase.com/skins/p90-straight-dimes/
Skin: CZ75-AUTO | Copper Fiber,https://www.csgodatabase.com/skins/cz75-auto-copper-fiber/
Skin: AUG | Steel Sentinel,https://www.csgodatabase.com/skins/aug-steel-sentinel/
Skin: AK-47 | Gold Arabesque,https://www.csgodatabase.com/skins/ak-47-gold-arabesque/
Skin: UMP-45 | Fade,https://www.csgodatabase.com/skins/ump-45-fade/
Skin: SSG 08 | Death Strike,https://www.csgodatabase.com/skins/ssg-08-death-strike/
Skin: MAC-10 | Case Hardened,https://www.csgodatabase.com/skins/mac-10-case-hardened/
Skin: USP-S | Orange Anolis,https://www.csgodatabase.com/skins/usp-s-orange-anolis/
Skin: M4A4 | Red Ddpat,https://www.csgodatabase.com/skins/m4a4-red-ddpat/
Skin: GALIL AR | Amber Fade,https://www.csgodatabase.com/skins/galil-ar-amber-fade/
Skin: G3SG1 | New Roots,https://www.csgodatabase.com/skins/g3sg1-new-roots/
Skin: P250 | Black & Tan,https://www.csgodatabase.com/skins/p250-black-&-tan/
Skin: NOVA | Quick Sand,https://www.csgodatabase.com/skins/nova-quick-sand/
Skin: M249 | Midnight Palm,https://www.csgodatabase.com/skins/m249-midnight-palm/
Skin: MP9 | Old Roots,https://www.csgodatabase.com/skins/mp9-old-roots/
Skin: AUG | Spalted Wood,https://www.csgodatabase.com/skins/aug-spalted-wood/
Skin: FIVE-SEVEN | Withered Vine,https://www.csgodatabase.com/skins/five-seven-withered-vine/
Skin: SG 553 | Bleached,https://www.csgodatabase.com/skins/sg-553-bleached/
Skin: MP7 | Prey,https://www.csgodatabase.com/skins/mp7-prey/
Skin: P90 | Desert Ddpat,https://www.csgodatabase.com/skins/p90-desert-ddpat/
Skin: SAWED-OFF | Parched,https://www.csgodatabase.com/skins/sawed-off-parched/
Skin: R8 REVOLVER | Desert Brush,https://www.csgodatabase.com/skins/r8-revolver-desert-brush/
Skin: AWP | Desert Hydra,https://www.csgodatabase.com/skins/awp-desert-hydra/
Skin: DESERT EAGLE | Fennec Fox,https://www.csgodatabase.com/skins/desert-eagle-fennec-fox/
Skin: MP5-SD | Oxide Oasis,https://www.csgodatabase.com/skins/mp5-sd-oxide-oasis/
Skin: GLOCK-18 | Pink Ddpat,https://www.csgodatabase.com/skins/glock-18-pink-ddpat/
Skin: XM1014 | Elegant Vines,https://www.csgodatabase.com/skins/xm1014-elegant-vines/
Skin: AUG | Sand Storm,https://www.csgodatabase.com/skins/aug-sand-storm/
Skin: USP-S | Purple Ddpat,https://www.csgodatabase.com/skins/usp-s-purple-ddpat/
Skin: M249 | Humidor,https://www.csgodatabase.com/skins/m249-humidor/
Skin: SG 553 | Desert Blossom,https://www.csgodatabase.com/skins/sg-553-desert-blossom/
Skin: MP9 | Music Box,https://www.csgodatabase.com/skins/mp9-music-box/
Skin: FAMAS | Calicamo,https://www.csgodatabase.com/skins/famas-calicamo/
Skin: DUAL BERETTAS | Drift Wood,https://www.csgodatabase.com/skins/dual-berettas-drift-wood/
Skin: P90 | Verdant Growth,https://www.csgodatabase.com/skins/p90-verdant-growth/
Skin: CZ75-AUTO | Midnight Palm,https://www.csgodatabase.com/skins/cz75-auto-midnight-palm/
Skin: P250 | Drought,https://www.csgodatabase.com/skins/p250-drought/
Skin: MAG-7 | Navy Sheen,https://www.csgodatabase.com/skins/mag-7-navy-sheen/
Skin: PP-BIZON | Anolis,https://www.csgodatabase.com/skins/pp-bizon-anolis/
Skin: SSG 08 | Prey,https://www.csgodatabase.com/skins/ssg-08-prey/
Skin: MAC-10 | Sienna Damask,https://www.csgodatabase.com/skins/mac-10-sienna-damask/
Skin: M4A4 | The Coalition,https://www.csgodatabase.com/skins/m4a4-the-coalition/
Skin: GLOCK-18 | Gamma Doppler,https://www.csgodatabase.com/skins/glock-18-gamma-doppler/
Skin: USP-S | Whiteout,https://www.csgodatabase.com/skins/usp-s-whiteout/
Skin: FAMAS | Meltdown,https://www.csgodatabase.com/skins/famas-meltdown/
Skin: MAC-10 | Propaganda,https://www.csgodatabase.com/skins/mac-10-propaganda/
Skin: AWP | Pop Awp,https://www.csgodatabase.com/skins/awp-pop-awp/
Skin: NOVA | Red Quartz,https://www.csgodatabase.com/skins/nova-red-quartz/
Skin: CZ75-AUTO | Syndicate,https://www.csgodatabase.com/skins/cz75-auto-syndicate/
Skin: MP5-SD | Autumn Twilly,https://www.csgodatabase.com/skins/mp5-sd-autumn-twilly/
Skin: P2000 | Space Race,https://www.csgodatabase.com/skins/p2000-space-race/
Skin: R8 REVOLVER | Blaze,https://www.csgodatabase.com/skins/r8-revolver-blaze/
Skin: DESERT EAGLE | Sputnik,https://www.csgodatabase.com/skins/desert-eagle-sputnik/
Skin: M4A1-S | Fizzy Pop,https://www.csgodatabase.com/skins/m4a1-s-fizzy-pop/
Skin: AUG | Amber Fade,https://www.csgodatabase.com/skins/aug-amber-fade/
Skin: TEC-9 | Safety Net,https://www.csgodatabase.com/skins/tec-9-safety-net/
Skin: SSG 08 | Spring Twilly,https://www.csgodatabase.com/skins/ssg-08-spring-twilly/
Skin: UMP-45 | Full Stop,https://www.csgodatabase.com/skins/ump-45-full-stop/
Skin: M4A1-S | Imminent Danger,https://www.csgodatabase.com/skins/m4a1-s-imminent-danger/
Skin: FIVE-SEVEN | Fall Hazard,https://www.csgodatabase.com/skins/five-seven-fall-hazard/
Skin: SG 553 | Hazard Pay,https://www.csgodatabase.com/skins/sg-553-hazard-pay/
Skin: GALIL AR | Caution!,https://www.csgodatabase.com/skins/galil-ar-caution!/
Skin: MAG-7 | Prism Terrace,https://www.csgodatabase.com/skins/mag-7-prism-terrace/
Skin: P250 | Digital Architect,https://www.csgodatabase.com/skins/p250-digital-architect/
Skin: NEGEV | Infrastructure,https://www.csgodatabase.com/skins/negev-infrastructure/
Skin: AK-47 | Green Laminate,https://www.csgodatabase.com/skins/ak-47-green-laminate/
Skin: NOVA | Interlock,https://www.csgodatabase.com/skins/nova-interlock/
Skin: P90 | Schematic,https://www.csgodatabase.com/skins/p90-schematic/
Skin: UMP-45 | Mechanism,https://www.csgodatabase.com/skins/ump-45-mechanism/
Skin: GLOCK-18 | Red Tire,https://www.csgodatabase.com/skins/glock-18-red-tire/
Skin: SSG 08 | Carbon Fiber,https://www.csgodatabase.com/skins/ssg-08-carbon-fiber/
Skin: PP-BIZON | Breaker Box,https://www.csgodatabase.com/skins/pp-bizon-breaker-box/
Skin: FAMAS | Faulty Wiring,https://www.csgodatabase.com/skins/famas-faulty-wiring/
Skin: CZ75-AUTO | Framework,https://www.csgodatabase.com/skins/cz75-auto-framework/
Skin: DUAL BERETTAS | Oil Change,https://www.csgodatabase.com/skins/dual-berettas-oil-change/
Skin: MAC-10 | Strats,https://www.csgodatabase.com/skins/mac-10-strats/
Skin: XM1014 | Blue Tire,https://www.csgodatabase.com/skins/xm1014-blue-tire/
Skin: M4A1-S | Welcome To The Jungle,https://www.csgodatabase.com/skins/m4a1-s-welcome-to-the-jungle/
Skin: AK-47 | Panthera Onca,https://www.csgodatabase.com/skins/ak-47-panthera-onca/
Skin: P90 | Run And Hide,https://www.csgodatabase.com/skins/p90-run-and-hide/
Skin: USP-S | Ancient Visions,https://www.csgodatabase.com/skins/usp-s-ancient-visions/
Skin: MAC-10 | Gold Brick,https://www.csgodatabase.com/skins/mac-10-gold-brick/
Skin: XM1014 | Ancient Lore,https://www.csgodatabase.com/skins/xm1014-ancient-lore/
Skin: FAMAS | Dark Water,https://www.csgodatabase.com/skins/famas-dark-water/
Skin: GALIL AR | Dusk Ruins,https://www.csgodatabase.com/skins/galil-ar-dusk-ruins/
Skin: AUG | Carved Jade,https://www.csgodatabase.com/skins/aug-carved-jade/
Skin: TEC-9 | Blast From The Past,https://www.csgodatabase.com/skins/tec-9-blast-from-the-past/
Skin: CZ75-AUTO | Silver,https://www.csgodatabase.com/skins/cz75-auto-silver/
Skin: G3SG1 | Ancient Ritual,https://www.csgodatabase.com/skins/g3sg1-ancient-ritual/
Skin: MP7 | Tall Grass,https://www.csgodatabase.com/skins/mp7-tall-grass/
Skin: P2000 | Panther Camo,https://www.csgodatabase.com/skins/p2000-panther-camo/
Skin: R8 REVOLVER | Night,https://www.csgodatabase.com/skins/r8-revolver-night/
Skin: SSG 08 | Jungle Dashed,https://www.csgodatabase.com/skins/ssg-08-jungle-dashed/
Skin: NOVA | Army Sheen,https://www.csgodatabase.com/skins/nova-army-sheen/
Skin: SG 553 | Lush Ruins,https://www.csgodatabase.com/skins/sg-553-lush-ruins/
Skin: P90 | Ancient Earth,https://www.csgodatabase.com/skins/p90-ancient-earth/
Skin: AWP | Fade,https://www.csgodatabase.com/skins/awp-fade/
Skin: M4A1-S | Blue Phosphor,https://www.csgodatabase.com/skins/m4a1-s-blue-phosphor/
Skin: USP-S | Target Acquired,https://www.csgodatabase.com/skins/usp-s-target-acquired/
Skin: UMP-45 | Crime Scene,https://www.csgodatabase.com/skins/ump-45-crime-scene/
Skin: FIVE-SEVEN | Berries And Cherries,https://www.csgodatabase.com/skins/five-seven-berries-and-cherries/
Skin: FAMAS | Prime Conspiracy,https://www.csgodatabase.com/skins/famas-prime-conspiracy/
Skin: SCAR-20 | Magna Carta,https://www.csgodatabase.com/skins/scar-20-magna-carta/
Skin: P2000 | Dispatch,https://www.csgodatabase.com/skins/p2000-dispatch/
Skin: SSG 08 | Threat Detected,https://www.csgodatabase.com/skins/ssg-08-threat-detected/
Skin: M4A4 | Global Offensive,https://www.csgodatabase.com/skins/m4a4-global-offensive/
Skin: MAG-7 | Carbon Fiber,https://www.csgodatabase.com/skins/mag-7-carbon-fiber/
Skin: MP5-SD | Nitro,https://www.csgodatabase.com/skins/mp5-sd-nitro/
Skin: DUAL BERETTAS | Switch Board,https://www.csgodatabase.com/skins/dual-berettas-switch-board/
Skin: DESERT EAGLE | The Bronze,https://www.csgodatabase.com/skins/desert-eagle-the-bronze/
Skin: CZ75-AUTO | Jungle Dashed,https://www.csgodatabase.com/skins/cz75-auto-jungle-dashed/
Skin: P250 | Forest Night,https://www.csgodatabase.com/skins/p250-forest-night/
Skin: MP9 | Army Sheen,https://www.csgodatabase.com/skins/mp9-army-sheen/
Skin: AUG | Surveillance,https://www.csgodatabase.com/skins/aug-surveillance/
Skin: XM1014 | Charter,https://www.csgodatabase.com/skins/xm1014-charter/
Skin: AK-47 | X-Ray,https://www.csgodatabase.com/skins/ak-47-x-ray/
Skin: MAC-10 | Hot Snakes,https://www.csgodatabase.com/skins/mac-10-hot-snakes/
Skin: AWP | Silk Tiger,https://www.csgodatabase.com/skins/awp-silk-tiger/
Skin: SG 553 | Hypnotic,https://www.csgodatabase.com/skins/sg-553-hypnotic/
Skin: GALIL AR | Phoenix Blacklight,https://www.csgodatabase.com/skins/galil-ar-phoenix-blacklight/
Skin: GLOCK-18 | Franklin,https://www.csgodatabase.com/skins/glock-18-franklin/
Skin: P250 | Bengal Tiger,https://www.csgodatabase.com/skins/p250-bengal-tiger/
Skin: P90 | Tiger Pit,https://www.csgodatabase.com/skins/p90-tiger-pit/
Skin: NEGEV | Phoenix Stencil,https://www.csgodatabase.com/skins/negev-phoenix-stencil/
Skin: DESERT EAGLE | Night Heist,https://www.csgodatabase.com/skins/desert-eagle-night-heist/
Skin: NOVA | Rust Coat,https://www.csgodatabase.com/skins/nova-rust-coat/
Skin: R8 REVOLVER | Phoenix Marker,https://www.csgodatabase.com/skins/r8-revolver-phoenix-marker/
Skin: UMP-45 | Houndstooth,https://www.csgodatabase.com/skins/ump-45-houndstooth/
Skin: MP7 | Vault Heist,https://www.csgodatabase.com/skins/mp7-vault-heist/
Skin: M249 | Predator,https://www.csgodatabase.com/skins/m249-predator/
Skin: PP-BIZON | Death Rattle,https://www.csgodatabase.com/skins/pp-bizon-death-rattle/
Skin: SAWED-OFF | Clay Ambush,https://www.csgodatabase.com/skins/sawed-off-clay-ambush/
Skin: TEC-9 | Phoenix Chalk,https://www.csgodatabase.com/skins/tec-9-phoenix-chalk/
Skin: DUAL BERETTAS | Heist,https://www.csgodatabase.com/skins/dual-berettas-heist/
Skin: AWP | The Prince,https://www.csgodatabase.com/skins/awp-the-prince/
Skin: MAG-7 | Cinquedea,https://www.csgodatabase.com/skins/mag-7-cinquedea/
Skin: MP9 | Stained Glass,https://www.csgodatabase.com/skins/mp9-stained-glass/
Skin: MAC-10 | Red Filigree,https://www.csgodatabase.com/skins/mac-10-red-filigree/
Skin: NOVA | Baroque Orange,https://www.csgodatabase.com/skins/nova-baroque-orange/
Skin: DUAL BERETTAS | Emerald,https://www.csgodatabase.com/skins/dual-berettas-emerald/
Skin: G3SG1 | Violet Murano,https://www.csgodatabase.com/skins/g3sg1-violet-murano/
Skin: SSG 08 | Orange Filigree,https://www.csgodatabase.com/skins/ssg-08-orange-filigree/
Skin: P90 | Baroque Red,https://www.csgodatabase.com/skins/p90-baroque-red/
Skin: AK-47 | Baroque Purple,https://www.csgodatabase.com/skins/ak-47-baroque-purple/
Skin: SG 553 | Candy Apple,https://www.csgodatabase.com/skins/sg-553-candy-apple/
Skin: TEC-9 | Orange Murano,https://www.csgodatabase.com/skins/tec-9-orange-murano/
Skin: P250 | Dark Filigree,https://www.csgodatabase.com/skins/p250-dark-filigree/
Skin: CZ75-AUTO | Indigo,https://www.csgodatabase.com/skins/cz75-auto-indigo/
Skin: R8 REVOLVER | Canal Spray,https://www.csgodatabase.com/skins/r8-revolver-canal-spray/
Skin: AUG | Navy Murano,https://www.csgodatabase.com/skins/aug-navy-murano/
Skin: NEGEV | Boroque Sand,https://www.csgodatabase.com/skins/negev-boroque-sand/
Skin: SCAR-20 | Stone Mosaico,https://www.csgodatabase.com/skins/scar-20-stone-mosaico/
Skin: AWP | Gungnir,https://www.csgodatabase.com/skins/awp-gungnir/
Skin: NEGEV | Mjölnir,https://www.csgodatabase.com/skins/negev-mjölnir/
Skin: AUG | Flame Jörmungandr,https://www.csgodatabase.com/skins/aug-flame-jörmungandr/
Skin: DESERT EAGLE | Emerald Jörmungandr,https://www.csgodatabase.com/skins/desert-eagle-emerald-jörmungandr/
Skin: P90 | Astral Jörmungandr,https://www.csgodatabase.com/skins/p90-astral-jörmungandr/
Skin: CZ75-AUTO | Emerald Quartz,https://www.csgodatabase.com/skins/cz75-auto-emerald-quartz/
Skin: MAC-10 | Copper Borre,https://www.csgodatabase.com/skins/mac-10-copper-borre/
Skin: SCAR-20 | Brass,https://www.csgodatabase.com/skins/scar-20-brass/
Skin: XM1014 | Frost Borre,https://www.csgodatabase.com/skins/xm1014-frost-borre/
Skin: MAG-7 | Chainmail,https://www.csgodatabase.com/skins/mag-7-chainmail/
Skin: M4A1-S | Moss Quartz,https://www.csgodatabase.com/skins/m4a1-s-moss-quartz/
Skin: USP-S | Pathfinder,https://www.csgodatabase.com/skins/usp-s-pathfinder/
Skin: DUAL BERETTAS | Pyre,https://www.csgodatabase.com/skins/dual-berettas-pyre/
Skin: MP7 | Scorched,https://www.csgodatabase.com/skins/mp7-scorched/
Skin: FAMAS | Night Borre,https://www.csgodatabase.com/skins/famas-night-borre/
Skin: SSG 08 | Red Stone,https://www.csgodatabase.com/skins/ssg-08-red-stone/
Skin: GALIL AR | Tornado,https://www.csgodatabase.com/skins/galil-ar-tornado/
Skin: SG 553 | Barricade,https://www.csgodatabase.com/skins/sg-553-barricade/
Skin: AK-47 | Wild Lotus,https://www.csgodatabase.com/skins/ak-47-wild-lotus/
Skin: MP9 | Wild Lily,https://www.csgodatabase.com/skins/mp9-wild-lily/
Skin: AUG | Midnight Lily,https://www.csgodatabase.com/skins/aug-midnight-lily/
Skin: GLOCK-18 | Synth Leaf,https://www.csgodatabase.com/skins/glock-18-synth-leaf/
Skin: SSG 08 | Sea Calico,https://www.csgodatabase.com/skins/ssg-08-sea-calico/
Skin: FAMAS | Sundown,https://www.csgodatabase.com/skins/famas-sundown/
Skin: FIVE-SEVEN | Crimson Blossom,https://www.csgodatabase.com/skins/five-seven-crimson-blossom/
Skin: MP7 | Teal Blossom,https://www.csgodatabase.com/skins/mp7-teal-blossom/
Skin: UMP-45 | Day Lily,https://www.csgodatabase.com/skins/ump-45-day-lily/
Skin: M4A4 | Dark Blossom,https://www.csgodatabase.com/skins/m4a4-dark-blossom/
Skin: P90 | Sunset Lily,https://www.csgodatabase.com/skins/p90-sunset-lily/
Skin: TEC-9 | Rust Leaf,https://www.csgodatabase.com/skins/tec-9-rust-leaf/
Skin: XM1014 | Banana Leaf,https://www.csgodatabase.com/skins/xm1014-banana-leaf/
Skin: M249 | Jungle,https://www.csgodatabase.com/skins/m249-jungle/
Skin: MAC-10 | Surfwood,https://www.csgodatabase.com/skins/mac-10-surfwood/
Skin: MP5-SD | Bamboo Garden,https://www.csgodatabase.com/skins/mp5-sd-bamboo-garden/
Skin: PP-BIZON | Seabird,https://www.csgodatabase.com/skins/pp-bizon-seabird/
Skin: SAWED-OFF | Jungle Thicket,https://www.csgodatabase.com/skins/sawed-off-jungle-thicket/
Skin: FAMAS | Styx,https://www.csgodatabase.com/skins/famas-styx/
Skin: GALIL AR | Cerberus,https://www.csgodatabase.com/skins/galil-ar-cerberus/
Skin: XM1014 | Bone Machine,https://www.csgodatabase.com/skins/xm1014-bone-machine/
Skin: TEC-9 | Toxic,https://www.csgodatabase.com/skins/tec-9-toxic/
Skin: GLOCK-18 | Reactor,https://www.csgodatabase.com/skins/glock-18-reactor/
Skin: MAC-10 | Nuclear Garden,https://www.csgodatabase.com/skins/mac-10-nuclear-garden/
Skin: MP9 | Setting Sun,https://www.csgodatabase.com/skins/mp9-setting-sun/
Skin: P250 | Contamination,https://www.csgodatabase.com/skins/p250-contamination/
Skin: NEGEV | Nuclear Waste,https://www.csgodatabase.com/skins/negev-nuclear-waste/
Skin: AUG | Radiation Hazard,https://www.csgodatabase.com/skins/aug-radiation-hazard/
Skin: FIVE-SEVEN | Hot Shot,https://www.csgodatabase.com/skins/five-seven-hot-shot/
Skin: SG 553 | Fallout Warning,https://www.csgodatabase.com/skins/sg-553-fallout-warning/
Skin: PP-BIZON | Chemical Green,https://www.csgodatabase.com/skins/pp-bizon-chemical-green/
Skin: M4A1-S | Hot Rod,https://www.csgodatabase.com/skins/m4a1-s-hot-rod/
Skin: GLOCK-18 | Twilight Galaxy,https://www.csgodatabase.com/skins/glock-18-twilight-galaxy/
Skin: DUAL BERETTAS | Duelist,https://www.csgodatabase.com/skins/dual-berettas-duelist/
Skin: SG 553 | Bulldozer,https://www.csgodatabase.com/skins/sg-553-bulldozer/
Skin: P250 | Whiteout,https://www.csgodatabase.com/skins/p250-whiteout/
Skin: FIVE-SEVEN | Nitro,https://www.csgodatabase.com/skins/five-seven-nitro/
Skin: CZ75-AUTO | Emerald,https://www.csgodatabase.com/skins/cz75-auto-emerald/
Skin: MAC-10 | Fade,https://www.csgodatabase.com/skins/mac-10-fade/
Skin: MP7 | Full Stop,https://www.csgodatabase.com/skins/mp7-full-stop/
Skin: USP-S | Para Green,https://www.csgodatabase.com/skins/usp-s-para-green/
Skin: DESERT EAGLE | Night,https://www.csgodatabase.com/skins/desert-eagle-night/
Skin: GALIL AR | Urban Rubble,https://www.csgodatabase.com/skins/galil-ar-urban-rubble/
Skin: SCAR-20 | Army Sheen,https://www.csgodatabase.com/skins/scar-20-army-sheen/
Skin: MAG-7 | Seabird,https://www.csgodatabase.com/skins/mag-7-seabird/
Skin: M249 | Impact Drill,https://www.csgodatabase.com/skins/m249-impact-drill/
Skin: CZ75-AUTO | Army Sheen,https://www.csgodatabase.com/skins/cz75-auto-army-sheen/
Skin: AWP | Dragon Lore,https://www.csgodatabase.com/skins/awp-dragon-lore/
Skin: M4A1-S | Knight,https://www.csgodatabase.com/skins/m4a1-s-knight/
Skin: DESERT EAGLE | Hand Cannon,https://www.csgodatabase.com/skins/desert-eagle-hand-cannon/
Skin: CZ75-AUTO | Chalice,https://www.csgodatabase.com/skins/cz75-auto-chalice/
Skin: MP9 | Dark Age,https://www.csgodatabase.com/skins/mp9-dark-age/
Skin: P2000 | Chainmail,https://www.csgodatabase.com/skins/p2000-chainmail/
Skin: USP-S | Royal Blue,https://www.csgodatabase.com/skins/usp-s-royal-blue/
Skin: NOVA | Green Apple,https://www.csgodatabase.com/skins/nova-green-apple/
Skin: MAG-7 | Silver,https://www.csgodatabase.com/skins/mag-7-silver/
Skin: SAWED-OFF | Rust Coat,https://www.csgodatabase.com/skins/sawed-off-rust-coat/
Skin: P90 | Storm,https://www.csgodatabase.com/skins/p90-storm/
Skin: UMP-45 | Indigo,https://www.csgodatabase.com/skins/ump-45-indigo/
Skin: MAC-10 | Indigo,https://www.csgodatabase.com/skins/mac-10-indigo/
Skin: SCAR-20 | Storm,https://www.csgodatabase.com/skins/scar-20-storm/
Skin: DUAL BERETTAS | Briar,https://www.csgodatabase.com/skins/dual-berettas-briar/
Skin: AWP | Medusa,https://www.csgodatabase.com/skins/awp-medusa/
Skin: M4A4 | Poseidon,https://www.csgodatabase.com/skins/m4a4-poseidon/
Skin: M4A1-S | Icarus Fell,https://www.csgodatabase.com/skins/m4a1-s-icarus-fell/
Skin: G3SG1 | Chronos,https://www.csgodatabase.com/skins/g3sg1-chronos/
Skin: UMP-45 | Minotaur'S Labyrinth,https://www.csgodatabase.com/skins/ump-45-minotaurs-labyrinth/
Skin: MP9 | Pandora'S Box,https://www.csgodatabase.com/skins/mp9-pandoras-box/
Skin: AWP | Sun In Leo,https://www.csgodatabase.com/skins/awp-sun-in-leo/
Skin: M249 | Shipping Forecast,https://www.csgodatabase.com/skins/m249-shipping-forecast/
Skin: TEC-9 | Hades,https://www.csgodatabase.com/skins/tec-9-hades/
Skin: P2000 | Pathfinder,https://www.csgodatabase.com/skins/p2000-pathfinder/
Skin: NOVA | Moon In Libra,https://www.csgodatabase.com/skins/nova-moon-in-libra/
Skin: AUG | Daedalus,https://www.csgodatabase.com/skins/aug-daedalus/
Skin: DUAL BERETTAS | Moon In Libra,https://www.csgodatabase.com/skins/dual-berettas-moon-in-libra/
Skin: MP7 | Asterion,https://www.csgodatabase.com/skins/mp7-asterion/
Skin: M4A1-S | Master Piece,https://www.csgodatabase.com/skins/m4a1-s-master-piece/
Skin: USP-S | Road Rash,https://www.csgodatabase.com/skins/usp-s-road-rash/
Skin: AWP | Pink Ddpat,https://www.csgodatabase.com/skins/awp-pink-ddpat/
Skin: XM1014 | Varicamo Blue,https://www.csgodatabase.com/skins/xm1014-varicamo-blue/
Skin: CZ75-AUTO | Nitro,https://www.csgodatabase.com/skins/cz75-auto-nitro/
Skin: SSG 08 | Detour,https://www.csgodatabase.com/skins/ssg-08-detour/
Skin: GLOCK-18 | Night,https://www.csgodatabase.com/skins/glock-18-night/
Skin: DESERT EAGLE | Urban Ddpat,https://www.csgodatabase.com/skins/desert-eagle-urban-ddpat/
Skin: P2000 | Grassland,https://www.csgodatabase.com/skins/p2000-grassland/
Skin: MP7 | Gunsmoke,https://www.csgodatabase.com/skins/mp7-gunsmoke/
Skin: MAG-7 | Storm,https://www.csgodatabase.com/skins/mag-7-storm/
Skin: SAWED-OFF | Sage Spray,https://www.csgodatabase.com/skins/sawed-off-sage-spray/
Skin: M249 | Contrast Spray,https://www.csgodatabase.com/skins/m249-contrast-spray/
Skin: UMP-45 | Scorched,https://www.csgodatabase.com/skins/ump-45-scorched/
Skin: MP9 | Storm,https://www.csgodatabase.com/skins/mp9-storm/
Skin: AUG | Akihabara Accept,https://www.csgodatabase.com/skins/aug-akihabara-accept/
Skin: AK-47 | Hydroponic,https://www.csgodatabase.com/skins/ak-47-hydroponic/
Skin: FIVE-SEVEN | Neon Kimono,https://www.csgodatabase.com/skins/five-seven-neon-kimono/
Skin: DESERT EAGLE | Sunset Storm 弐,https://www.csgodatabase.com/skins/desert-eagle-sunset-storm-弐/
Skin: DESERT EAGLE | Sunset Storm 壱,https://www.csgodatabase.com/skins/desert-eagle-sunset-storm-壱/
Skin: M4A4 | Daybreak,https://www.csgodatabase.com/skins/m4a4-daybreak/
Skin: MAG-7 | Counter Terrace,https://www.csgodatabase.com/skins/mag-7-counter-terrace/
Skin: TEC-9 | Terrace,https://www.csgodatabase.com/skins/tec-9-terrace/
Skin: GALIL AR | Aqua Terrace,https://www.csgodatabase.com/skins/galil-ar-aqua-terrace/
Skin: P250 | Crimson Kimono,https://www.csgodatabase.com/skins/p250-crimson-kimono/
Skin: DESERT EAGLE | Midnight Storm,https://www.csgodatabase.com/skins/desert-eagle-midnight-storm/
Skin: P250 | Mint Kimono,https://www.csgodatabase.com/skins/p250-mint-kimono/
Skin: SAWED-OFF | Bamboo Shadow,https://www.csgodatabase.com/skins/sawed-off-bamboo-shadow/
Skin: TEC-9 | Bamboo Forest,https://www.csgodatabase.com/skins/tec-9-bamboo-forest/
Skin: G3SG1 | Orange Kimono,https://www.csgodatabase.com/skins/g3sg1-orange-kimono/
Skin: PP-BIZON | Bamboo Print,https://www.csgodatabase.com/skins/pp-bizon-bamboo-print/
Skin: M4A4 | Eye Of Horus,https://www.csgodatabase.com/skins/m4a4-eye-of-horus/
Skin: FAMAS | Waters Of Nephthys,https://www.csgodatabase.com/skins/famas-waters-of-nephthys/
Skin: P250 | Apep'S Curse,https://www.csgodatabase.com/skins/p250-apeps-curse/
Skin: GLOCK-18 | Ramese'S Reach,https://www.csgodatabase.com/skins/glock-18-rameses-reach/
Skin: NOVA | Sobek'S Bite,https://www.csgodatabase.com/skins/nova-sobeks-bite/
Skin: P90 | Scarab Rush,https://www.csgodatabase.com/skins/p90-scarab-rush/
Skin: AWP | Black Nile,https://www.csgodatabase.com/skins/awp-black-nile/
Skin: AK-47 | Steel Delta,https://www.csgodatabase.com/skins/ak-47-steel-delta/
Skin: TEC-9 | Mummy'S Rot,https://www.csgodatabase.com/skins/tec-9-mummys-rot/
Skin: MAG-7 | Copper Coated,https://www.csgodatabase.com/skins/mag-7-copper-coated/
Skin: M4A1-S | Mud-Spec,https://www.csgodatabase.com/skins/m4a1-s-mud-spec/
Skin: USP-S | Desert Tactical,https://www.csgodatabase.com/skins/usp-s-desert-tactical/
Skin: SSG 08 | Azure Glyph,https://www.csgodatabase.com/skins/ssg-08-azure-glyph/
Skin: MAC-10 | Echoing Sands,https://www.csgodatabase.com/skins/mac-10-echoing-sands/
Skin: M249 | Submerged,https://www.csgodatabase.com/skins/m249-submerged/
Skin: R8 REVOLVER | Inlay,https://www.csgodatabase.com/skins/r8-revolver-inlay/
Skin: XM1014 | Hieroglyph,https://www.csgodatabase.com/skins/xm1014-hieroglyph/
Skin: AUG | Snake Pit,https://www.csgodatabase.com/skins/aug-snake-pit/
Skin: MP7 | Sunbaked,https://www.csgodatabase.com/skins/mp7-sunbaked/
Skin: GLOCK-18 | Fade,https://www.csgodatabase.com/skins/glock-18-fade/
Skin: MP9 | Bulldozer,https://www.csgodatabase.com/skins/mp9-bulldozer/
Skin: AUG | Hot Rod,https://www.csgodatabase.com/skins/aug-hot-rod/
Skin: NEGEV | Anodized Navy,https://www.csgodatabase.com/skins/negev-anodized-navy/
Skin: FIVE-SEVEN | Candy Apple,https://www.csgodatabase.com/skins/five-seven-candy-apple/
Skin: UMP-45 | Caramel,https://www.csgodatabase.com/skins/ump-45-caramel/
Skin: SG 553 | Tornado,https://www.csgodatabase.com/skins/sg-553-tornado/
Skin: TEC-9 | Ossified,https://www.csgodatabase.com/skins/tec-9-ossified/
Skin: M4A4 | Jungle Tiger,https://www.csgodatabase.com/skins/m4a4-jungle-tiger/
Skin: AK-47 | Jungle Spray,https://www.csgodatabase.com/skins/ak-47-jungle-spray/
Skin: SSG 08 | Lichen Dashed,https://www.csgodatabase.com/skins/ssg-08-lichen-dashed/
Skin: FIVE-SEVEN | Jungle,https://www.csgodatabase.com/skins/five-seven-jungle/
Skin: NOVA | Forest Leaves,https://www.csgodatabase.com/skins/nova-forest-leaves/
Skin: AK-47 | Jet Set,https://www.csgodatabase.com/skins/ak-47-jet-set/
Skin: DESERT EAGLE | Pilot,https://www.csgodatabase.com/skins/desert-eagle-pilot/
Skin: AK-47 | First Class,https://www.csgodatabase.com/skins/ak-47-first-class/
Skin: USP-S | Business Class,https://www.csgodatabase.com/skins/usp-s-business-class/
Skin: SAWED-OFF | First Class,https://www.csgodatabase.com/skins/sawed-off-first-class/
Skin: XM1014 | Red Leather,https://www.csgodatabase.com/skins/xm1014-red-leather/
Skin: P2000 | Coach Class,https://www.csgodatabase.com/skins/p2000-coach-class/
Skin: SG 553 | Traveler,https://www.csgodatabase.com/skins/sg-553-traveler/
Skin: MAC-10 | Commuter,https://www.csgodatabase.com/skins/mac-10-commuter/
Skin: P90 | Leather,https://www.csgodatabase.com/skins/p90-leather/
Skin: CZ75-AUTO | Green Plaid,https://www.csgodatabase.com/skins/cz75-auto-green-plaid/
Skin: G3SG1 | Contractor,https://www.csgodatabase.com/skins/g3sg1-contractor/
Skin: SSG 08 | Sand Dune,https://www.csgodatabase.com/skins/ssg-08-sand-dune/
Skin: MP7 | Olive Plaid,https://www.csgodatabase.com/skins/mp7-olive-plaid/
Skin: MP9 | Green Plaid,https://www.csgodatabase.com/skins/mp9-green-plaid/
Skin: P250 | Franklin,https://www.csgodatabase.com/skins/p250-franklin/
Skin: AK-47 | Emerald Pinstripe,https://www.csgodatabase.com/skins/ak-47-emerald-pinstripe/
Skin: CZ75-AUTO | Tuxedo,https://www.csgodatabase.com/skins/cz75-auto-tuxedo/
Skin: GALIL AR | Tuxedo,https://www.csgodatabase.com/skins/galil-ar-tuxedo/
Skin: DESERT EAGLE | Meteorite,https://www.csgodatabase.com/skins/desert-eagle-meteorite/
Skin: G3SG1 | Green Apple,https://www.csgodatabase.com/skins/g3sg1-green-apple/
Skin: GLOCK-18 | Death Rattle,https://www.csgodatabase.com/skins/glock-18-death-rattle/
Skin: MAC-10 | Silver,https://www.csgodatabase.com/skins/mac-10-silver/
Skin: NOVA | Caged Steel,https://www.csgodatabase.com/skins/nova-caged-steel/
Skin: UMP-45 | Carbon Fiber,https://www.csgodatabase.com/skins/ump-45-carbon-fiber/
Skin: R8 REVOLVER | Bone Mask,https://www.csgodatabase.com/skins/r8-revolver-bone-mask/
Skin: MP7 | Forest Ddpat,https://www.csgodatabase.com/skins/mp7-forest-ddpat/
Skin: SAWED-OFF | Forest Ddpat,https://www.csgodatabase.com/skins/sawed-off-forest-ddpat/
Skin: TEC-9 | Urban Ddpat,https://www.csgodatabase.com/skins/tec-9-urban-ddpat/
Skin: NEGEV | Army Sheen,https://www.csgodatabase.com/skins/negev-army-sheen/
Skin: SG 553 | Army Sheen,https://www.csgodatabase.com/skins/sg-553-army-sheen/
Skin: GLOCK-18 | Brass,https://www.csgodatabase.com/skins/glock-18-brass/
Skin: DESERT EAGLE | Blaze,https://www.csgodatabase.com/skins/desert-eagle-blaze/
Skin: P2000 | Scorpion,https://www.csgodatabase.com/skins/p2000-scorpion/
Skin: AWP | Snake Camo,https://www.csgodatabase.com/skins/awp-snake-camo/
Skin: SAWED-OFF | Copper,https://www.csgodatabase.com/skins/sawed-off-copper/
Skin: AUG | Copperhead,https://www.csgodatabase.com/skins/aug-copperhead/
Skin: SCAR-20 | Palm,https://www.csgodatabase.com/skins/scar-20-palm/
Skin: AK-47 | Predator,https://www.csgodatabase.com/skins/ak-47-predator/
Skin: M4A4 | Desert Storm,https://www.csgodatabase.com/skins/m4a4-desert-storm/
Skin: TEC-9 | Brass,https://www.csgodatabase.com/skins/tec-9-brass/
Skin: DUAL BERETTAS | Anodized Navy,https://www.csgodatabase.com/skins/dual-berettas-anodized-navy/
Skin: M4A4 | Tornado,https://www.csgodatabase.com/skins/m4a4-tornado/
Skin: P250 | Gunsmoke,https://www.csgodatabase.com/skins/p250-gunsmoke/
Skin: NOVA | Walnut,https://www.csgodatabase.com/skins/nova-walnut/
Skin: MAG-7 | Sand Dune,https://www.csgodatabase.com/skins/mag-7-sand-dune/
Skin: AWP | Pit Viper,https://www.csgodatabase.com/skins/awp-pit-viper/
Skin: SAWED-OFF | Full Stop,https://www.csgodatabase.com/skins/sawed-off-full-stop/
Skin: GLOCK-18 | Candy Apple,https://www.csgodatabase.com/skins/glock-18-candy-apple/
Skin: MP7 | Anodized Navy,https://www.csgodatabase.com/skins/mp7-anodized-navy/
Skin: M4A1-S | Boreal Forest,https://www.csgodatabase.com/skins/m4a1-s-boreal-forest/
Skin: NOVA | Candy Apple,https://www.csgodatabase.com/skins/nova-candy-apple/
Skin: UMP-45 | Gunsmoke,https://www.csgodatabase.com/skins/ump-45-gunsmoke/
Skin: XM1014 | Calicamo,https://www.csgodatabase.com/skins/xm1014-calicamo/
Skin: DUAL BERETTAS | Stained,https://www.csgodatabase.com/skins/dual-berettas-stained/
Skin: P2000 | Granite Marbleized,https://www.csgodatabase.com/skins/p2000-granite-marbleized/
Skin: NOVA | Sand Dune,https://www.csgodatabase.com/skins/nova-sand-dune/
Skin: AUG | Contractor,https://www.csgodatabase.com/skins/aug-contractor/
Skin: TEC-9 | Groundwater,https://www.csgodatabase.com/skins/tec-9-groundwater/
Skin: FAMAS | Colony,https://www.csgodatabase.com/skins/famas-colony/
Skin: PP-BIZON | Sand Dashed,https://www.csgodatabase.com/skins/pp-bizon-sand-dashed/
Skin: DUAL BERETTAS | Cobalt Quartz,https://www.csgodatabase.com/skins/dual-berettas-cobalt-quartz/
Skin: USP-S | Night Ops,https://www.csgodatabase.com/skins/usp-s-night-ops/
Skin: SG 553 | Anodized Navy,https://www.csgodatabase.com/skins/sg-553-anodized-navy/
Skin: P90 | Teardown,https://www.csgodatabase.com/skins/p90-teardown/
Skin: AWP | Safari Mesh,https://www.csgodatabase.com/skins/awp-safari-mesh/
Skin: XM1014 | Blue Steel,https://www.csgodatabase.com/skins/xm1014-blue-steel/
Skin: DESERT EAGLE | Mudder,https://www.csgodatabase.com/skins/desert-eagle-mudder/
Skin: FAMAS | Cyanospatter,https://www.csgodatabase.com/skins/famas-cyanospatter/
Skin: PP-BIZON | Night Ops,https://www.csgodatabase.com/skins/pp-bizon-night-ops/
Skin: P250 | Boreal Forest,https://www.csgodatabase.com/skins/p250-boreal-forest/
Skin: AUG | Storm,https://www.csgodatabase.com/skins/aug-storm/
Skin: XM1014 | Blue Spruce,https://www.csgodatabase.com/skins/xm1014-blue-spruce/
Skin: G3SG1 | Jungle Dashed,https://www.csgodatabase.com/skins/g3sg1-jungle-dashed/
Skin: GALIL AR | Sage Spray,https://www.csgodatabase.com/skins/galil-ar-sage-spray/
Skin: SG 553 | Waves Perforated,https://www.csgodatabase.com/skins/sg-553-waves-perforated/
Skin: SCAR-20 | Splash Jam,https://www.csgodatabase.com/skins/scar-20-splash-jam/
Skin: M4A4 | Modern Hunter,https://www.csgodatabase.com/skins/m4a4-modern-hunter/
Skin: P250 | Modern Hunter,https://www.csgodatabase.com/skins/p250-modern-hunter/
Skin: NOVA | Modern Hunter,https://www.csgodatabase.com/skins/nova-modern-hunter/
Skin: NOVA | Blaze Orange,https://www.csgodatabase.com/skins/nova-blaze-orange/
Skin: XM1014 | Blaze Orange,https://www.csgodatabase.com/skins/xm1014-blaze-orange/
Skin: PP-BIZON | Modern Hunter,https://www.csgodatabase.com/skins/pp-bizon-modern-hunter/
Skin: P2000 | Grassland Leaves,https://www.csgodatabase.com/skins/p2000-grassland-leaves/
Skin: XM1014 | Grassland,https://www.csgodatabase.com/skins/xm1014-grassland/
Skin: MAC-10 | Tornado,https://www.csgodatabase.com/skins/mac-10-tornado/
Skin: PP-BIZON | Forest Leaves,https://www.csgodatabase.com/skins/pp-bizon-forest-leaves/
Skin: MAG-7 | Bulldozer,https://www.csgodatabase.com/skins/mag-7-bulldozer/
Skin: UMP-45 | Blaze,https://www.csgodatabase.com/skins/ump-45-blaze/
Skin: MAC-10 | Amber Fade,https://www.csgodatabase.com/skins/mac-10-amber-fade/
Skin: MP9 | Hot Rod,https://www.csgodatabase.com/skins/mp9-hot-rod/
Skin: NEGEV | Calicamo,https://www.csgodatabase.com/skins/negev-calicamo/
Skin: GLOCK-18 | Groundwater,https://www.csgodatabase.com/skins/glock-18-groundwater/
Skin: SG 553 | Gator Mesh,https://www.csgodatabase.com/skins/sg-553-gator-mesh/
Skin: SSG 08 | Tropical Storm,https://www.csgodatabase.com/skins/ssg-08-tropical-storm/
Skin: MP7 | Orange Peel,https://www.csgodatabase.com/skins/mp7-orange-peel/
Skin: P250 | Bone Mask,https://www.csgodatabase.com/skins/p250-bone-mask/
Skin: AUG | Colony,https://www.csgodatabase.com/skins/aug-colony/
Skin: FIVE-SEVEN | Contractor,https://www.csgodatabase.com/skins/five-seven-contractor/
Skin: G3SG1 | Safari Mesh,https://www.csgodatabase.com/skins/g3sg1-safari-mesh/
Skin: GALIL AR | Hunting Blind,https://www.csgodatabase.com/skins/galil-ar-hunting-blind/
Skin: P90 | Scorched,https://www.csgodatabase.com/skins/p90-scorched/
Skin: P250 | Nuclear Threat,https://www.csgodatabase.com/skins/p250-nuclear-threat/
Skin: TEC-9 | Nuclear Threat,https://www.csgodatabase.com/skins/tec-9-nuclear-threat/
Skin: M4A4 | Radiation Hazard,https://www.csgodatabase.com/skins/m4a4-radiation-hazard/
Skin: UMP-45 | Fallout Warning,https://www.csgodatabase.com/skins/ump-45-fallout-warning/
Skin: XM1014 | Fallout Warning,https://www.csgodatabase.com/skins/xm1014-fallout-warning/
Skin: P90 | Fallout Warning,https://www.csgodatabase.com/skins/p90-fallout-warning/
Skin: MAG-7 | Irradiated Alert,https://www.csgodatabase.com/skins/mag-7-irradiated-alert/
Skin: SAWED-OFF | Irradiated Alert,https://www.csgodatabase.com/skins/sawed-off-irradiated-alert/
Skin: PP-BIZON | Irradiated Alert,https://www.csgodatabase.com/skins/pp-bizon-irradiated-alert/
Skin: MP7 | Whiteout,https://www.csgodatabase.com/skins/mp7-whiteout/
Skin: P2000 | Silver,https://www.csgodatabase.com/skins/p2000-silver/
Skin: M249 | Blizzard Marbleized,https://www.csgodatabase.com/skins/m249-blizzard-marbleized/
Skin: G3SG1 | Arctic Camo,https://www.csgodatabase.com/skins/g3sg1-arctic-camo/
Skin: GALIL AR | Winter Forest,https://www.csgodatabase.com/skins/galil-ar-winter-forest/
Skin: FAMAS | Contrast Spray,https://www.csgodatabase.com/skins/famas-contrast-spray/
Skin: TEC-9 | Red Quartz,https://www.csgodatabase.com/skins/tec-9-red-quartz/
Skin: SAWED-OFF | Amber Fade,https://www.csgodatabase.com/skins/sawed-off-amber-fade/
Skin: DESERT EAGLE | Urban Rubble,https://www.csgodatabase.com/skins/desert-eagle-urban-rubble/
Skin: P250 | Metallic Ddpat,https://www.csgodatabase.com/skins/p250-metallic-ddpat/
Skin: SCAR-20 | Carbon Fiber,https://www.csgodatabase.com/skins/scar-20-carbon-fiber/
Skin: MAG-7 | Metallic Ddpat,https://www.csgodatabase.com/skins/mag-7-metallic-ddpat/
Skin: M4A4 | Urban Ddpat,https://www.csgodatabase.com/skins/m4a4-urban-ddpat/
Skin: MAC-10 | Candy Apple,https://www.csgodatabase.com/skins/mac-10-candy-apple/
Skin: P90 | Ash Wood,https://www.csgodatabase.com/skins/p90-ash-wood/
Skin: NOVA | Polar Mesh,https://www.csgodatabase.com/skins/nova-polar-mesh/
Skin: UMP-45 | Urban Ddpat,https://www.csgodatabase.com/skins/ump-45-urban-ddpat/
Skin: FIVE-SEVEN | Forest Night,https://www.csgodatabase.com/skins/five-seven-forest-night/
Skin: DUAL BERETTAS | Colony,https://www.csgodatabase.com/skins/dual-berettas-colony/
Skin: G3SG1 | Polar Camo,https://www.csgodatabase.com/skins/g3sg1-polar-camo/
Skin: PP-BIZON | Urban Dashed,https://www.csgodatabase.com/skins/pp-bizon-urban-dashed/
Skin: DUAL BERETTAS | Demolition,https://www.csgodatabase.com/skins/dual-berettas-demolition/
Skin: AK-47 | Black Laminate,https://www.csgodatabase.com/skins/ak-47-black-laminate/
Skin: P90 | Glacier Mesh,https://www.csgodatabase.com/skins/p90-glacier-mesh/
Skin: PP-BIZON | Carbon Fiber,https://www.csgodatabase.com/skins/pp-bizon-carbon-fiber/
Skin: XM1014 | Urban Perforated,https://www.csgodatabase.com/skins/xm1014-urban-perforated/
Skin: MAC-10 | Urban Ddpat,https://www.csgodatabase.com/skins/mac-10-urban-ddpat/
Skin: SG 553 | Integrale,https://www.csgodatabase.com/skins/sg-553-integrale/
Skin: DUAL BERETTAS | Twin Turbo,https://www.csgodatabase.com/skins/dual-berettas-twin-turbo/
Skin: AK-47 | Safety Net,https://www.csgodatabase.com/skins/ak-47-safety-net/
Skin: P250 | Vino Primo,https://www.csgodatabase.com/skins/p250-vino-primo/
Skin: MP7 | Fade,https://www.csgodatabase.com/skins/mp7-fade/
Skin: USP-S | Check Engine,https://www.csgodatabase.com/skins/usp-s-check-engine/
Skin: M4A4 | Converter,https://www.csgodatabase.com/skins/m4a4-converter/
Skin: SSG 08 | Hand Brake,https://www.csgodatabase.com/skins/ssg-08-hand-brake/
Skin: SAWED-OFF | Brake Light,https://www.csgodatabase.com/skins/sawed-off-brake-light/
Skin: GLOCK-18 | High Beam,https://www.csgodatabase.com/skins/glock-18-high-beam/
Skin: R8 REVOLVER | Nitro,https://www.csgodatabase.com/skins/r8-revolver-nitro/
Skin: MAC-10 | Calf Skin,https://www.csgodatabase.com/skins/mac-10-calf-skin/
Skin: PP-BIZON | Candy Apple,https://www.csgodatabase.com/skins/pp-bizon-candy-apple/
Skin: MP5-SD | Dirt Drop,https://www.csgodatabase.com/skins/mp5-sd-dirt-drop/
Skin: MP9 | Slide,https://www.csgodatabase.com/skins/mp9-slide/
Skin: AUG | Sweeper,https://www.csgodatabase.com/skins/aug-sweeper/
Skin: UMP-45 | Mudder,https://www.csgodatabase.com/skins/ump-45-mudder/
Skin: MAG-7 | Rust Coat,https://www.csgodatabase.com/skins/mag-7-rust-coat/
Skin: M4A1-S | Control Panel,https://www.csgodatabase.com/skins/m4a1-s-control-panel/
Skin: TEC-9 | Remote Control,https://www.csgodatabase.com/skins/tec-9-remote-control/
Skin: GLOCK-18 | Nuclear Garden,https://www.csgodatabase.com/skins/glock-18-nuclear-garden/
Skin: MAG-7 | Core Breach,https://www.csgodatabase.com/skins/mag-7-core-breach/
Skin: AUG | Random Access,https://www.csgodatabase.com/skins/aug-random-access/
Skin: AWP | Acheron,https://www.csgodatabase.com/skins/awp-acheron/
Skin: P250 | Exchanger,https://www.csgodatabase.com/skins/p250-exchanger/
Skin: MP5-SD | Co-Processor,https://www.csgodatabase.com/skins/mp5-sd-co-processor/
Skin: P90 | Facility Negative,https://www.csgodatabase.com/skins/p90-facility-negative/
Skin: GALIL AR | Cold Fusion,https://www.csgodatabase.com/skins/galil-ar-cold-fusion/
Skin: NEGEV | Bulkhead,https://www.csgodatabase.com/skins/negev-bulkhead/
Skin: MP7 | Motherboard,https://www.csgodatabase.com/skins/mp7-motherboard/
Skin: M4A4 | Mainframe,https://www.csgodatabase.com/skins/m4a4-mainframe/
Skin: NOVA | Mandrel,https://www.csgodatabase.com/skins/nova-mandrel/
Skin: FIVE-SEVEN | Coolant,https://www.csgodatabase.com/skins/five-seven-coolant/
Skin: UMP-45 | Facility Dark,https://www.csgodatabase.com/skins/ump-45-facility-dark/
Skin: P250 | Facility Draft,https://www.csgodatabase.com/skins/p250-facility-draft/
Skin: PP-BIZON | Facility Sketch,https://www.csgodatabase.com/skins/pp-bizon-facility-sketch/
Skin: SCAR-20 | Emerald,https://www.csgodatabase.com/skins/scar-20-emerald/
Skin: FAMAS | Spitfire,https://www.csgodatabase.com/skins/famas-spitfire/
Skin: AUG | Anodized Navy,https://www.csgodatabase.com/skins/aug-anodized-navy/
Skin: PP-BIZON | Rust Coat,https://www.csgodatabase.com/skins/pp-bizon-rust-coat/
Skin: MAG-7 | Hazard,https://www.csgodatabase.com/skins/mag-7-hazard/
Skin: P250 | Facets,https://www.csgodatabase.com/skins/p250-facets/
Skin: SAWED-OFF | Mosaico,https://www.csgodatabase.com/skins/sawed-off-mosaico/
Skin: NEGEV | Palm,https://www.csgodatabase.com/skins/negev-palm/
Skin: SSG 08 | Mayan Dreams,https://www.csgodatabase.com/skins/ssg-08-mayan-dreams/
Skin: GLOCK-18 | Sand Dune,https://www.csgodatabase.com/skins/glock-18-sand-dune/
Skin: MP7 | Groundwater,https://www.csgodatabase.com/skins/mp7-groundwater/
Skin: XM1014 | Jungle,https://www.csgodatabase.com/skins/xm1014-jungle/
Skin: FIVE-SEVEN | Anodized Gunmetal,https://www.csgodatabase.com/skins/five-seven-anodized-gunmetal/
Skin: MP9 | Dry Season,https://www.csgodatabase.com/skins/mp9-dry-season/
Skin: TEC-9 | Tornado,https://www.csgodatabase.com/skins/tec-9-tornado/
Skin: M249 | Jungle Ddpat,https://www.csgodatabase.com/skins/m249-jungle-ddpat/
Skin: MP5-SD | Lab Rats,https://www.csgodatabase.com/skins/mp5-sd-lab-rats/
Skin: R8 REVOLVER | Amber Fade,https://www.csgodatabase.com/skins/r8-revolver-amber-fade/
Skin: P2000 | Amber Fade,https://www.csgodatabase.com/skins/p2000-amber-fade/
Skin: M4A1-S | Varicamo,https://www.csgodatabase.com/skins/m4a1-s-varicamo/
Skin: SG 553 | Damascus Steel,https://www.csgodatabase.com/skins/sg-553-damascus-steel/
Skin: PP-BIZON | Brass,https://www.csgodatabase.com/skins/pp-bizon-brass/
Skin: SAWED-OFF | Snake Camo,https://www.csgodatabase.com/skins/sawed-off-snake-camo/
Skin: FIVE-SEVEN | Orange Peel,https://www.csgodatabase.com/skins/five-seven-orange-peel/
Skin: TEC-9 | Varicamo,https://www.csgodatabase.com/skins/tec-9-varicamo/
Skin: AK-47 | Safari Mesh,https://www.csgodatabase.com/skins/ak-47-safari-mesh/
Skin: MAC-10 | Palm,https://www.csgodatabase.com/skins/mac-10-palm/
Skin: P250 | Sand Dune,https://www.csgodatabase.com/skins/p250-sand-dune/
Skin: SCAR-20 | Sand Mesh,https://www.csgodatabase.com/skins/scar-20-sand-mesh/
Skin: NOVA | Predator,https://www.csgodatabase.com/skins/nova-predator/
Skin: G3SG1 | Desert Storm,https://www.csgodatabase.com/skins/g3sg1-desert-storm/
Skin: MP9 | Sand Dashed,https://www.csgodatabase.com/skins/mp9-sand-dashed/
Skin: P90 | Sand Spray,https://www.csgodatabase.com/skins/p90-sand-spray/
Skin: M4A1-S | Nitro,https://www.csgodatabase.com/skins/m4a1-s-nitro/
Skin: FIVE-SEVEN | Silver Quartz,https://www.csgodatabase.com/skins/five-seven-silver-quartz/
Skin: FAMAS | Teardown,https://www.csgodatabase.com/skins/famas-teardown/
Skin: SSG 08 | Acid Fade,https://www.csgodatabase.com/skins/ssg-08-acid-fade/
Skin: USP-S | Forest Leaves,https://www.csgodatabase.com/skins/usp-s-forest-leaves/
Skin: M249 | Gator Mesh,https://www.csgodatabase.com/skins/m249-gator-mesh/
Skin: AUG | Condemned,https://www.csgodatabase.com/skins/aug-condemned/
Skin: G3SG1 | Varicamo,https://www.csgodatabase.com/skins/g3sg1-varicamo/
Skin: GALIL AR | Varicamo,https://www.csgodatabase.com/skins/galil-ar-varicamo/
Skin: MP9 | Orange Peel,https://www.csgodatabase.com/skins/mp9-orange-peel/
Skin: SCAR-20 | Contractor,https://www.csgodatabase.com/skins/scar-20-contractor/
Skin: TEC-9 | Army Mesh,https://www.csgodatabase.com/skins/tec-9-army-mesh/
Skin: DUAL BERETTAS | Contractor,https://www.csgodatabase.com/skins/dual-berettas-contractor/
Skin: SSG 08 | Blue Spruce,https://www.csgodatabase.com/skins/ssg-08-blue-spruce/
Skin: MP7 | Army Recon,https://www.csgodatabase.com/skins/mp7-army-recon/
